{"app":["/app-f4d71a791dc83685232a.js"],"component---src-templates-virtual-object-page-jsx":["/component---src-templates-virtual-object-page-jsx-bcfe8e6b66432307956a.js"],"component---src-templates-real-object-page-jsx":["/component---src-templates-real-object-page-jsx-e168234696d39a93cf92.js"],"component---src-pages-index-de-jsx":["/component---src-pages-index-de-jsx-cf558011ed5a4d9e0041.js"],"component---src-pages-index-en-jsx":["/component---src-pages-index-en-jsx-3ea681371c70b91c1ebd.js"],"component---src-pages-index-jsx":["/component---src-pages-index-jsx-58a2853d21174976578c.js"]}