{"errors":[],"warnings":["chunk styles [mini-css-extract-plugin]\nConflicting order. Following module has been added:\n * css ./node_modules/gatsby/node_modules/css-loader??ref--13-oneOf-1-1!./node_modules/gatsby/node_modules/postcss-loader/lib??postcss-3!./node_modules/sass-loader/dist/cjs.js??ref--13-oneOf-1-3!./src/components/atoms/image/image.scss\ndespite it was not able to fulfill desired ordering with these modules:\n * css ./node_modules/gatsby/node_modules/css-loader??ref--13-oneOf-1-1!./node_modules/gatsby/node_modules/postcss-loader/lib??postcss-3!./node_modules/sass-loader/dist/cjs.js??ref--13-oneOf-1-3!./src/components/atoms/copy-text/copy-text.scss\n   - couldn't fulfill desired order of chunk group(s) component---src-templates-virtual-object-page-jsx","chunk styles [mini-css-extract-plugin]\nConflicting order. Following module has been added:\n * css ./node_modules/gatsby/node_modules/css-loader??ref--13-oneOf-1-1!./node_modules/gatsby/node_modules/postcss-loader/lib??postcss-3!./node_modules/sass-loader/dist/cjs.js??ref--13-oneOf-1-3!./src/components/atoms/copy-text/copy-text.scss\ndespite it was not able to fulfill desired ordering with these modules:\n * css ./node_modules/gatsby/node_modules/css-loader??ref--13-oneOf-1-1!./node_modules/gatsby/node_modules/postcss-loader/lib??postcss-3!./node_modules/sass-loader/dist/cjs.js??ref--13-oneOf-1-3!./src/components/atoms/grouped-definition-list/grouped-definition-list.scss\n   - couldn't fulfill desired order of chunk group(s) component---src-templates-real-object-page-jsx\n   - while fulfilling desired order of chunk group(s) component---src-templates-virtual-object-page-jsx\n * css ./node_modules/gatsby/node_modules/css-loader??ref--13-oneOf-1-1!./node_modules/gatsby/node_modules/postcss-loader/lib??postcss-3!./node_modules/sass-loader/dist/cjs.js??ref--13-oneOf-1-3!./src/components/atoms/zoom-image/zoom-image.scss\n   - couldn't fulfill desired order of chunk group(s) component---src-templates-real-object-page-jsx\n   - while fulfilling desired order of chunk group(s) component---src-templates-virtual-object-page-jsx"],"namedChunkGroups":{"app":{"chunks":[8,1,0,2],"assets":["webpack-runtime-cbcbca5143d57edc067c.js","webpack-runtime-cbcbca5143d57edc067c.js.map","styles.329a5209798b6c858c25.css","styles-65cd23fd000e78011f6c.js","styles-65cd23fd000e78011f6c.js.map","commons-23dc3aacc0468b3204b1.js","commons-23dc3aacc0468b3204b1.js.map","app-f4d71a791dc83685232a.js","app-f4d71a791dc83685232a.js.map"],"children":{},"childAssets":{}},"component---src-templates-virtual-object-page-jsx":{"chunks":[1,0,7],"assets":["styles.329a5209798b6c858c25.css","styles-65cd23fd000e78011f6c.js","styles-65cd23fd000e78011f6c.js.map","commons-23dc3aacc0468b3204b1.js","commons-23dc3aacc0468b3204b1.js.map","component---src-templates-virtual-object-page-jsx-bcfe8e6b66432307956a.js","component---src-templates-virtual-object-page-jsx-bcfe8e6b66432307956a.js.map"],"children":{},"childAssets":{}},"component---src-templates-real-object-page-jsx":{"chunks":[1,0,6],"assets":["styles.329a5209798b6c858c25.css","styles-65cd23fd000e78011f6c.js","styles-65cd23fd000e78011f6c.js.map","commons-23dc3aacc0468b3204b1.js","commons-23dc3aacc0468b3204b1.js.map","component---src-templates-real-object-page-jsx-e168234696d39a93cf92.js","component---src-templates-real-object-page-jsx-e168234696d39a93cf92.js.map"],"children":{},"childAssets":{}},"component---src-pages-index-de-jsx":{"chunks":[1,0,3],"assets":["styles.329a5209798b6c858c25.css","styles-65cd23fd000e78011f6c.js","styles-65cd23fd000e78011f6c.js.map","commons-23dc3aacc0468b3204b1.js","commons-23dc3aacc0468b3204b1.js.map","component---src-pages-index-de-jsx-cf558011ed5a4d9e0041.js","component---src-pages-index-de-jsx-cf558011ed5a4d9e0041.js.map"],"children":{},"childAssets":{}},"component---src-pages-index-en-jsx":{"chunks":[1,0,4],"assets":["styles.329a5209798b6c858c25.css","styles-65cd23fd000e78011f6c.js","styles-65cd23fd000e78011f6c.js.map","commons-23dc3aacc0468b3204b1.js","commons-23dc3aacc0468b3204b1.js.map","component---src-pages-index-en-jsx-3ea681371c70b91c1ebd.js","component---src-pages-index-en-jsx-3ea681371c70b91c1ebd.js.map"],"children":{},"childAssets":{}},"component---src-pages-index-jsx":{"chunks":[1,0,5],"assets":["styles.329a5209798b6c858c25.css","styles-65cd23fd000e78011f6c.js","styles-65cd23fd000e78011f6c.js.map","commons-23dc3aacc0468b3204b1.js","commons-23dc3aacc0468b3204b1.js.map","component---src-pages-index-jsx-58a2853d21174976578c.js","component---src-pages-index-jsx-58a2853d21174976578c.js.map"],"children":{},"childAssets":{}}},"assetsByChunkName":{"app":["webpack-runtime-cbcbca5143d57edc067c.js","styles.329a5209798b6c858c25.css","styles-65cd23fd000e78011f6c.js","commons-23dc3aacc0468b3204b1.js","app-f4d71a791dc83685232a.js"],"component---src-templates-virtual-object-page-jsx":["styles.329a5209798b6c858c25.css","styles-65cd23fd000e78011f6c.js","commons-23dc3aacc0468b3204b1.js","component---src-templates-virtual-object-page-jsx-bcfe8e6b66432307956a.js"],"component---src-templates-real-object-page-jsx":["styles.329a5209798b6c858c25.css","styles-65cd23fd000e78011f6c.js","commons-23dc3aacc0468b3204b1.js","component---src-templates-real-object-page-jsx-e168234696d39a93cf92.js"],"component---src-pages-index-de-jsx":["styles.329a5209798b6c858c25.css","styles-65cd23fd000e78011f6c.js","commons-23dc3aacc0468b3204b1.js","component---src-pages-index-de-jsx-cf558011ed5a4d9e0041.js"],"component---src-pages-index-en-jsx":["styles.329a5209798b6c858c25.css","styles-65cd23fd000e78011f6c.js","commons-23dc3aacc0468b3204b1.js","component---src-pages-index-en-jsx-3ea681371c70b91c1ebd.js"],"component---src-pages-index-jsx":["styles.329a5209798b6c858c25.css","styles-65cd23fd000e78011f6c.js","commons-23dc3aacc0468b3204b1.js","component---src-pages-index-jsx-58a2853d21174976578c.js"]}}