{"polyfill":["/polyfill-6b95750583a341f26750.js"],"app":["/app-8dc8ac9180b2b7c2f4ad.js"],"component---src-pages-index-de-jsx":["/component---src-pages-index-de-jsx-953dd90c65ba94474aa3.js"],"component---src-pages-index-en-jsx":["/component---src-pages-index-en-jsx-d191d4f3a01fe8eb58dd.js"],"component---src-pages-index-jsx":["/component---src-pages-index-jsx-6a16b18e4b8b9ca3aeb6.js"],"component---src-templates-real-object-page-jsx":["/component---src-templates-real-object-page-jsx-881f64b6f9a1f9daa1f1.js"],"component---src-templates-virtual-object-page-jsx":["/component---src-templates-virtual-object-page-jsx-a6fa2c4d69770d59713f.js"]}