{"errors":[],"warnings":["chunk styles [mini-css-extract-plugin]\nConflicting order. Following module has been added:\n * css ./node_modules/gatsby/node_modules/css-loader??ref--13-oneOf-1-1!./node_modules/postcss-loader/src??postcss-3!./node_modules/sass-loader/dist/cjs.js??ref--13-oneOf-1-3!./src/components/atoms/definition-list/definition-list.scss\ndespite it was not able to fulfill desired ordering with these modules:\n * css ./node_modules/gatsby/node_modules/css-loader??ref--13-oneOf-1-1!./node_modules/postcss-loader/src??postcss-3!./node_modules/sass-loader/dist/cjs.js??ref--13-oneOf-1-3!./src/components/atoms/grouped-definition-list/grouped-definition-list.scss\n   - couldn't fulfill desired order of chunk group(s) component---src-templates-real-object-page-jsx\n   - while fulfilling desired order of chunk group(s) component---src-templates-virtual-object-page-jsx\n * css ./node_modules/gatsby/node_modules/css-loader??ref--13-oneOf-1-1!./node_modules/postcss-loader/src??postcss-3!./node_modules/sass-loader/dist/cjs.js??ref--13-oneOf-1-3!./src/components/atoms/zoom-image/zoom-image.scss\n   - couldn't fulfill desired order of chunk group(s) component---src-templates-real-object-page-jsx\n   - while fulfilling desired order of chunk group(s) component---src-templates-virtual-object-page-jsx","chunk styles [mini-css-extract-plugin]\nConflicting order. Following module has been added:\n * css ./node_modules/gatsby/node_modules/css-loader??ref--13-oneOf-1-1!./node_modules/postcss-loader/src??postcss-3!./node_modules/sass-loader/dist/cjs.js??ref--13-oneOf-1-3!./src/components/atoms/dynamic-table/dynamic-table.scss\ndespite it was not able to fulfill desired ordering with these modules:\n * css ./node_modules/gatsby/node_modules/css-loader??ref--13-oneOf-1-1!./node_modules/postcss-loader/src??postcss-3!./node_modules/sass-loader/dist/cjs.js??ref--13-oneOf-1-3!./src/components/atoms/grouped-definition-list/grouped-definition-list.scss\n   - couldn't fulfill desired order of chunk group(s) component---src-templates-real-object-page-jsx\n   - while fulfilling desired order of chunk group(s) component---src-templates-virtual-object-page-jsx\n * css ./node_modules/gatsby/node_modules/css-loader??ref--13-oneOf-1-1!./node_modules/postcss-loader/src??postcss-3!./node_modules/sass-loader/dist/cjs.js??ref--13-oneOf-1-3!./src/components/atoms/zoom-image/zoom-image.scss\n   - couldn't fulfill desired order of chunk group(s) component---src-templates-real-object-page-jsx\n   - while fulfilling desired order of chunk group(s) component---src-templates-virtual-object-page-jsx","chunk styles [mini-css-extract-plugin]\nConflicting order. Following module has been added:\n * css ./node_modules/gatsby/node_modules/css-loader??ref--13-oneOf-1-1!./node_modules/postcss-loader/src??postcss-3!./node_modules/sass-loader/dist/cjs.js??ref--13-oneOf-1-3!./src/components/atoms/image/image.scss\ndespite it was not able to fulfill desired ordering with these modules:\n * css ./node_modules/gatsby/node_modules/css-loader??ref--13-oneOf-1-1!./node_modules/postcss-loader/src??postcss-3!./node_modules/sass-loader/dist/cjs.js??ref--13-oneOf-1-3!./src/components/atoms/copy-text/copy-text.scss\n   - couldn't fulfill desired order of chunk group(s) component---src-templates-virtual-object-page-jsx\n * css ./node_modules/gatsby/node_modules/css-loader??ref--13-oneOf-1-1!./node_modules/postcss-loader/src??postcss-3!./node_modules/sass-loader/dist/cjs.js??ref--13-oneOf-1-3!./src/components/molecules/literature-table/literature-table.scss\n   - couldn't fulfill desired order of chunk group(s) component---src-templates-virtual-object-page-jsx","chunk styles [mini-css-extract-plugin]\nConflicting order. Following module has been added:\n * css ./node_modules/gatsby/node_modules/css-loader??ref--13-oneOf-1-1!./node_modules/postcss-loader/src??postcss-3!./node_modules/sass-loader/dist/cjs.js??ref--13-oneOf-1-3!./src/components/molecules/literature-table/literature-table.scss\ndespite it was not able to fulfill desired ordering with these modules:\n * css ./node_modules/gatsby/node_modules/css-loader??ref--13-oneOf-1-1!./node_modules/postcss-loader/src??postcss-3!./node_modules/sass-loader/dist/cjs.js??ref--13-oneOf-1-3!./src/components/atoms/grouped-definition-list/grouped-definition-list.scss\n   - couldn't fulfill desired order of chunk group(s) component---src-templates-real-object-page-jsx\n   - while fulfilling desired order of chunk group(s) component---src-templates-virtual-object-page-jsx\n * css ./node_modules/gatsby/node_modules/css-loader??ref--13-oneOf-1-1!./node_modules/postcss-loader/src??postcss-3!./node_modules/sass-loader/dist/cjs.js??ref--13-oneOf-1-3!./src/components/atoms/zoom-image/zoom-image.scss\n   - couldn't fulfill desired order of chunk group(s) component---src-templates-real-object-page-jsx\n   - while fulfilling desired order of chunk group(s) component---src-templates-virtual-object-page-jsx"],"namedChunkGroups":{"polyfill":{"chunks":[4,12],"assets":["webpack-runtime-d1d79789dff0e8de103d.js","webpack-runtime-d1d79789dff0e8de103d.js.map","polyfill-6b95750583a341f26750.js","polyfill-6b95750583a341f26750.js.map"],"children":{},"childAssets":{}},"app":{"chunks":[4,0,11,5],"assets":["webpack-runtime-d1d79789dff0e8de103d.js","webpack-runtime-d1d79789dff0e8de103d.js.map","styles.4a103316806d173ddbe4.css","styles-407fe62976dc5310c43e.js","styles-407fe62976dc5310c43e.js.map","framework-1b42433a3a6f72323ed1.js","framework-1b42433a3a6f72323ed1.js.map","app-8dc8ac9180b2b7c2f4ad.js","app-8dc8ac9180b2b7c2f4ad.js.map"],"children":{},"childAssets":{}},"component---src-pages-index-de-jsx":{"chunks":[0,1,2,6],"assets":["styles.4a103316806d173ddbe4.css","styles-407fe62976dc5310c43e.js","styles-407fe62976dc5310c43e.js.map","commons-35482cc9f234102c65cf.js","commons-35482cc9f234102c65cf.js.map","96d641c7759a8021269cd0d6376a925d1091550f-95a403d3bbbd77bcbfe2.js","96d641c7759a8021269cd0d6376a925d1091550f-95a403d3bbbd77bcbfe2.js.map","component---src-pages-index-de-jsx-953dd90c65ba94474aa3.js","component---src-pages-index-de-jsx-953dd90c65ba94474aa3.js.map"],"children":{},"childAssets":{}},"component---src-pages-index-en-jsx":{"chunks":[0,1,2,7],"assets":["styles.4a103316806d173ddbe4.css","styles-407fe62976dc5310c43e.js","styles-407fe62976dc5310c43e.js.map","commons-35482cc9f234102c65cf.js","commons-35482cc9f234102c65cf.js.map","96d641c7759a8021269cd0d6376a925d1091550f-95a403d3bbbd77bcbfe2.js","96d641c7759a8021269cd0d6376a925d1091550f-95a403d3bbbd77bcbfe2.js.map","component---src-pages-index-en-jsx-d191d4f3a01fe8eb58dd.js","component---src-pages-index-en-jsx-d191d4f3a01fe8eb58dd.js.map"],"children":{},"childAssets":{}},"component---src-pages-index-jsx":{"chunks":[0,1,2,8],"assets":["styles.4a103316806d173ddbe4.css","styles-407fe62976dc5310c43e.js","styles-407fe62976dc5310c43e.js.map","commons-35482cc9f234102c65cf.js","commons-35482cc9f234102c65cf.js.map","96d641c7759a8021269cd0d6376a925d1091550f-95a403d3bbbd77bcbfe2.js","96d641c7759a8021269cd0d6376a925d1091550f-95a403d3bbbd77bcbfe2.js.map","component---src-pages-index-jsx-6a16b18e4b8b9ca3aeb6.js","component---src-pages-index-jsx-6a16b18e4b8b9ca3aeb6.js.map"],"children":{},"childAssets":{}},"component---src-templates-real-object-page-jsx":{"chunks":[0,1,3,9],"assets":["styles.4a103316806d173ddbe4.css","styles-407fe62976dc5310c43e.js","styles-407fe62976dc5310c43e.js.map","commons-35482cc9f234102c65cf.js","commons-35482cc9f234102c65cf.js.map","85f3b892c5bd6a156f814d182d9a18986fe64d8a-328df9fe248680818a2a.js","85f3b892c5bd6a156f814d182d9a18986fe64d8a-328df9fe248680818a2a.js.map","component---src-templates-real-object-page-jsx-881f64b6f9a1f9daa1f1.js","component---src-templates-real-object-page-jsx-881f64b6f9a1f9daa1f1.js.map"],"children":{},"childAssets":{}},"component---src-templates-virtual-object-page-jsx":{"chunks":[0,1,2,3,10],"assets":["styles.4a103316806d173ddbe4.css","styles-407fe62976dc5310c43e.js","styles-407fe62976dc5310c43e.js.map","commons-35482cc9f234102c65cf.js","commons-35482cc9f234102c65cf.js.map","96d641c7759a8021269cd0d6376a925d1091550f-95a403d3bbbd77bcbfe2.js","96d641c7759a8021269cd0d6376a925d1091550f-95a403d3bbbd77bcbfe2.js.map","85f3b892c5bd6a156f814d182d9a18986fe64d8a-328df9fe248680818a2a.js","85f3b892c5bd6a156f814d182d9a18986fe64d8a-328df9fe248680818a2a.js.map","component---src-templates-virtual-object-page-jsx-a6fa2c4d69770d59713f.js","component---src-templates-virtual-object-page-jsx-a6fa2c4d69770d59713f.js.map"],"children":{},"childAssets":{}}},"assetsByChunkName":{"polyfill":["webpack-runtime-d1d79789dff0e8de103d.js","polyfill-6b95750583a341f26750.js"],"app":["webpack-runtime-d1d79789dff0e8de103d.js","styles.4a103316806d173ddbe4.css","styles-407fe62976dc5310c43e.js","framework-1b42433a3a6f72323ed1.js","app-8dc8ac9180b2b7c2f4ad.js"],"component---src-pages-index-de-jsx":["styles.4a103316806d173ddbe4.css","styles-407fe62976dc5310c43e.js","commons-35482cc9f234102c65cf.js","96d641c7759a8021269cd0d6376a925d1091550f-95a403d3bbbd77bcbfe2.js","component---src-pages-index-de-jsx-953dd90c65ba94474aa3.js"],"component---src-pages-index-en-jsx":["styles.4a103316806d173ddbe4.css","styles-407fe62976dc5310c43e.js","commons-35482cc9f234102c65cf.js","96d641c7759a8021269cd0d6376a925d1091550f-95a403d3bbbd77bcbfe2.js","component---src-pages-index-en-jsx-d191d4f3a01fe8eb58dd.js"],"component---src-pages-index-jsx":["styles.4a103316806d173ddbe4.css","styles-407fe62976dc5310c43e.js","commons-35482cc9f234102c65cf.js","96d641c7759a8021269cd0d6376a925d1091550f-95a403d3bbbd77bcbfe2.js","component---src-pages-index-jsx-6a16b18e4b8b9ca3aeb6.js"],"component---src-templates-real-object-page-jsx":["styles.4a103316806d173ddbe4.css","styles-407fe62976dc5310c43e.js","commons-35482cc9f234102c65cf.js","85f3b892c5bd6a156f814d182d9a18986fe64d8a-328df9fe248680818a2a.js","component---src-templates-real-object-page-jsx-881f64b6f9a1f9daa1f1.js"],"component---src-templates-virtual-object-page-jsx":["styles.4a103316806d173ddbe4.css","styles-407fe62976dc5310c43e.js","commons-35482cc9f234102c65cf.js","96d641c7759a8021269cd0d6376a925d1091550f-95a403d3bbbd77bcbfe2.js","85f3b892c5bd6a156f814d182d9a18986fe64d8a-328df9fe248680818a2a.js","component---src-templates-virtual-object-page-jsx-a6fa2c4d69770d59713f.js"]}}